{"name": "standard", "mean_": 1.1235820055007935, "std_": 0.0683031752705574}